market,currency,result_type,ticker,quantity,entry_time,exit_time,gross_pnl,after_fee_pnl,tax_delta,after_tax_pnl,after_fee_return,holding_seconds,exit_reason
US,USD,hypothetical,GOOGL,34,2024-12-13T14:30:00+00:00,2024-12-20T14:30:00+00:00,-177.81985473632812,-221.81985473632812,0.0,-221.81985473632812,-0.034040559745808385,604800.0,histogram_drawdown
US,USD,hypothetical,ORCL,36,2025-01-23T14:30:00+00:00,2025-01-28T14:30:00+00:00,-671.3997802734375,-715.3997802734375,0.0,-715.3997802734375,-0.10903755847690036,432000.0,histogram_drawdown
US,USD,hypothetical,AMD,62,2025-03-20T13:30:00+00:00,2025-03-31T13:30:00+00:00,-302.560302734375,-346.560302734375,0.0,-346.560302734375,-0.05299540843098007,950400.0,histogram_drawdown
US,USD,hypothetical,NVDA,59,2025-04-16T13:30:00+00:00,2025-04-21T13:30:00+00:00,-341.02037811279297,-385.02037811279297,0.0,-385.02037811279297,-0.06219586086862787,432000.0,histogram_drawdown
US,USD,hypothetical,MU,53,2025-08-15T13:30:00+00:00,2025-08-20T13:30:00+00:00,-236.91006469726562,-280.9100646972656,0.0,-280.9100646972656,-0.04288696793734208,432000.0,histogram_drawdown
US,USD,hypothetical,ASML,8,2025-08-13T13:30:00+00:00,2025-08-29T13:30:00+00:00,18.9599609375,-25.0400390625,0.0,-25.0400390625,-0.004154616345703745,1382400.0,scheduled_monthly_flatten
US,USD,hypothetical,NVDA,37,2025-09-16T13:30:00+00:00,2025-09-17T13:30:00+00:00,-161.3200225830078,-205.3200225830078,0.0,-205.3200225830078,-0.03124638907061449,86400.0,histogram_drawdown
US,USD,hypothetical,ORCL,21,2025-09-12T13:30:00+00:00,2025-09-24T13:30:00+00:00,127.46951293945312,83.46951293945312,0.0,83.46951293945312,0.012953882946457619,1036800.0,histogram_drawdown
US,USD,hypothetical,ORCL,30,2025-12-10T14:30:00+00:00,2025-12-15T14:30:00+00:00,-1005.30029296875,-1049.30029296875,0.0,-1049.30029296875,-0.1571749967913345,432000.0,histogram_drawdown
US,USD,hypothetical,TSM,18,2026-04-08T13:30:00+00:00,2026-04-21T13:30:00+00:00,-39.7803955078125,-83.7803955078125,0.0,-83.7803955078125,-0.01252843387548663,1123200.0,histogram_drawdown
US,USD,hypothetical,GOOGL,21,2026-04-09T13:30:00+00:00,2026-04-24T13:30:00+00:00,479.22015380859375,435.22015380859375,71.39498689880371,363.82516690979,0.0653865619378415,1296000.0,histogram_drawdown
US,USD,hypothetical,NVDA,30,2026-05-12T13:30:00+00:00,2026-05-19T13:30:00+00:00,32.099761962890625,-11.900238037109375,-2.417533357238767,-9.482704679870608,-0.001808959165690388,604800.0,histogram_drawdown
US,USD,hypothetical,AVGO,13,2026-06-03T13:30:00+00:00,2026-06-05T13:30:00+00:00,-1133.2101745605469,-1177.2101745605469,-68.97745354156494,-1108.232721018982,-0.1823961329402549,172800.0,histogram_drawdown
JP,JPY,hypothetical,5803.T,100,2024-12-05T00:00:00+00:00,2024-12-11T00:00:00+00:00,-55800.0,-55800.0,0.0,-55800.0,-0.08707865168539326,518400.0,histogram_drawdown
JP,JPY,hypothetical,6857.T,100,2024-12-17T00:00:00+00:00,2024-12-18T00:00:00+00:00,-116000.0,-116000.0,0.0,-116000.0,-0.11966164637920364,86400.0,histogram_drawdown
JP,JPY,hypothetical,5803.T,100,2025-01-24T00:00:00+00:00,2025-01-29T00:00:00+00:00,-107499.9755859375,-107499.9755859375,0.0,-107499.9755859375,-0.14909844552848303,432000.0,histogram_drawdown
JP,JPY,hypothetical,285A.T,500,2025-02-17T00:00:00+00:00,2025-02-28T00:00:00+00:00,377500.0305175781,377500.0305175781,54850.511159362795,322649.51935821533,0.38717951847956733,950400.0,scheduled_monthly_flatten
JP,JPY,hypothetical,4186.T,200,2025-08-04T00:00:00+00:00,2025-08-05T00:00:00+00:00,22200.0,22200.0,4509.93,17690.07,0.027279429835340378,86400.0,histogram_drawdown
JP,JPY,hypothetical,4062.T,100,2025-08-07T00:00:00+00:00,2025-08-13T00:00:00+00:00,1600.0,1600.0,325.0399999999936,1274.9600000000064,0.002376002376002376,518400.0,histogram_drawdown
JP,JPY,hypothetical,4004.T,200,2025-08-22T00:00:00+00:00,2025-08-29T00:00:00+00:00,18400.0,18400.0,3737.9600000000064,14662.039999999994,0.023958333333333335,604800.0,scheduled_monthly_flatten
JP,JPY,hypothetical,4186.T,200,2025-09-12T00:00:00+00:00,2025-09-18T00:00:00+00:00,-22200.0,-22200.0,-4509.93,-17690.07,-0.022727272727272728,518400.0,histogram_drawdown
JP,JPY,hypothetical,4062.T,100,2026-02-17T00:00:00+00:00,2026-02-27T00:00:00+00:00,31000.0,31000.0,6297.65,24702.35,0.03507184070596221,864000.0,scheduled_monthly_flatten
JP,JPY,hypothetical,9984.T,100,2026-05-26T00:00:00+00:00,2026-05-29T00:00:00+00:00,52700.0,52700.0,10706.005,41993.995,0.07506053268765134,259200.0,scheduled_monthly_flatten
