market,month,account_equity,cumulative_after_tax_return,cumulative_fees,cumulative_taxes,exposure,currency,result_type
US,2024-11,100000,0.0,0.0,0.0,0,USD,hypothetical
US,2024-12,99778.18014526367,-0.0022181985473632704,44.0,0.0,0,USD,hypothetical
US,2025-01,99062.78036499023,-0.009372196350097672,88.0,0.0,0,USD,hypothetical
US,2025-02,99062.78036499023,-0.009372196350097672,88.0,0.0,0,USD,hypothetical
US,2025-03,98716.22006225586,-0.01283779937744145,132.0,0.0,0,USD,hypothetical
US,2025-04,98331.19968414307,-0.01668800315856933,176.0,0.0,0,USD,hypothetical
US,2025-05,98331.19968414307,-0.01668800315856933,176.0,0.0,0,USD,hypothetical
US,2025-06,98331.19968414307,-0.01668800315856933,176.0,0.0,0,USD,hypothetical
US,2025-07,98331.19968414307,-0.01668800315856933,176.0,0.0,0,USD,hypothetical
US,2025-08,98025.2495803833,-0.019747504196167,264.0,0.0,0,USD,hypothetical
US,2025-09,97903.39907073975,-0.020966009292602505,352.0,0.0,0,USD,hypothetical
US,2025-10,97903.39907073975,-0.020966009292602505,352.0,0.0,0,USD,hypothetical
US,2025-11,97903.39907073975,-0.020966009292602505,352.0,0.0,0,USD,hypothetical
US,2025-12,96854.098777771,-0.031459012222290084,396.0,0.0,0,USD,hypothetical
US,2026-01,96854.098777771,-0.031459012222290084,396.0,0.0,0,USD,hypothetical
US,2026-02,96854.098777771,-0.031459012222290084,396.0,0.0,0,USD,hypothetical
US,2026-03,96854.098777771,-0.031459012222290084,396.0,0.0,0,USD,hypothetical
US,2026-04,97134.14354917298,-0.0286585645082702,484.0,71.39498689880371,0,USD,hypothetical
US,2026-05,97124.6608444931,-0.028753391555068952,528.0,68.97745354156494,0,USD,hypothetical
US,2026-06,96016.42812347412,-0.03983571876525882,572.0,0.0,0,USD,hypothetical
US,2026-07,96016.42812347412,-0.03983571876525882,572.0,0.0,0,USD,hypothetical
US,2026-08,96016.42812347412,-0.03983571876525882,572.0,0.0,0,USD,hypothetical
JP,2024-11,16000000,0.0,0.0,0.0,0,JPY,hypothetical
JP,2024-12,15828200.0,-0.010737499999999955,0.0,0.0,0,JPY,hypothetical
JP,2025-01,15720700.024414062,-0.017456248474121083,0.0,0.0,0,JPY,hypothetical
JP,2025-02,16043349.543772278,0.002709346485767483,0.0,54850.511159362795,0,JPY,hypothetical
JP,2025-03,16043349.543772278,0.002709346485767483,0.0,54850.511159362795,0,JPY,hypothetical
JP,2025-04,16043349.543772278,0.002709346485767483,0.0,54850.511159362795,0,JPY,hypothetical
JP,2025-05,16043349.543772278,0.002709346485767483,0.0,54850.511159362795,0,JPY,hypothetical
JP,2025-06,16043349.543772278,0.002709346485767483,0.0,54850.511159362795,0,JPY,hypothetical
JP,2025-07,16043349.543772278,0.002709346485767483,0.0,54850.511159362795,0,JPY,hypothetical
JP,2025-08,16076976.613772277,0.00481103836076735,0.0,63423.441159362796,0,JPY,hypothetical
JP,2025-09,16059286.543772276,0.0037054089857673222,0.0,58913.511159362795,0,JPY,hypothetical
JP,2025-10,16059286.543772276,0.0037054089857673222,0.0,58913.511159362795,0,JPY,hypothetical
JP,2025-11,16059286.543772276,0.0037054089857673222,0.0,58913.511159362795,0,JPY,hypothetical
JP,2025-12,16059286.543772276,0.0037054089857673222,0.0,58913.511159362795,0,JPY,hypothetical
JP,2026-01,16059286.543772276,0.0037054089857673222,0.0,58913.511159362795,0,JPY,hypothetical
JP,2026-02,16083988.893772276,0.005249305860767217,0.0,65211.1611593628,0,JPY,hypothetical
JP,2026-03,16083988.893772276,0.005249305860767217,0.0,65211.1611593628,0,JPY,hypothetical
JP,2026-04,16083988.893772276,0.005249305860767217,0.0,65211.1611593628,0,JPY,hypothetical
JP,2026-05,16125982.888772275,0.007873930548267127,0.0,75917.1661593628,0,JPY,hypothetical
JP,2026-06,16125982.888772275,0.007873930548267127,0.0,75917.1661593628,0,JPY,hypothetical
JP,2026-07,16125982.888772275,0.007873930548267127,0.0,75917.1661593628,0,JPY,hypothetical
JP,2026-08,16125982.888772275,0.007873930548267127,0.0,75917.1661593628,0,JPY,hypothetical
